Elevator Call,18.77917039,-9,-7,0,0,True,True,1
Elevator Call,394.956887,-9,-2,0,0,True,True,79
Elevator Call,499.0640401,-9,-5,0,0,True,True,105
Elevator Call,920.9559778,-9,-5,0,0,True,True,211
Elevator Call,1205.2364,-9,-7,0,0,True,True,292
Elevator Call,1320.866249,-9,-5,0,0,True,True,333
Elevator Call,1682.832711,-9,-2,0,0,True,True,463
Elevator Call,1731.011668,-9,-2,0,0,True,True,477
Elevator Call,2340.469944,-9,-7,0,0,True,True,674
Elevator Call,2409.932584,-9,-6,0,0,True,True,695
Elevator Call,2479.331922,-9,-1,0,0,True,True,714
Elevator Call,2491.766358,-9,-4,0,0,True,True,717
Elevator Call,2580.948016,-9,-1,0,0,True,True,746
Elevator Call,2884.392169,-9,-8,0,0,True,True,839
Elevator Call,3172.136572,-9,-10,0,0,True,True,918
Elevator Call,314.4656937,-8,-6,0,0,True,True,68
Elevator Call,623.0223449,-8,-6,0,0,True,True,143
Elevator Call,667.5999958,-8,-7,0,0,True,True,152
Elevator Call,749.8657281,-8,-1,0,0,True,True,173
Elevator Call,1725.141688,-8,-4,0,0,True,True,476
Elevator Call,1797.310664,-8,-4,0,0,True,True,500
Elevator Call,1958.399312,-8,-2,0,0,True,True,561
Elevator Call,1988.441771,-8,-2,0,0,True,True,569
Elevator Call,2407.547511,-8,-2,0,0,True,True,692
Elevator Call,2491.350801,-8,-1,0,0,True,True,716
Elevator Call,2680.666614,-8,-5,0,0,True,True,778
Elevator Call,2705.342014,-8,-7,0,0,True,True,782
Elevator Call,3488.540748,-8,-7,0,0,True,True,972
Elevator Call,3519.964551,-8,-3,0,0,True,True,984
Elevator Call,3592.591803,-8,-1,0,0,True,True,998
Elevator Call,326.5863964,-7,-2,0,0,True,True,70
Elevator Call,440.9104056,-7,-2,0,0,True,True,91
Elevator Call,793.7757239,-7,-5,0,0,True,True,184
Elevator Call,849.1185428,-7,-4,0,0,True,True,195
Elevator Call,946.7757799,-7,-3,0,0,True,True,216
Elevator Call,1489.216351,-7,-2,0,0,True,True,386
Elevator Call,1491.235679,-7,-6,0,0,True,True,389
Elevator Call,2576.409606,-7,-5,0,0,True,True,744
Elevator Call,2637.335359,-7,-4,0,0,True,True,758
Elevator Call,2654.042228,-7,-1,0,0,True,True,765
Elevator Call,2864.650766,-7,-1,0,0,True,True,830
Elevator Call,2985.776774,-7,-3,0,0,True,True,865
Elevator Call,3032.782318,-7,-2,0,0,True,True,880
Elevator Call,3361.452189,-7,-4,0,0,True,True,951
Elevator Call,3449.5545,-7,-6,0,0,True,True,965
Elevator Call,508.4388148,-6,-3,0,0,True,True,110
Elevator Call,1162.924896,-6,-5,0,0,True,True,274
Elevator Call,1229.574003,-6,-1,0,0,True,True,300
Elevator Call,1300.836281,-6,-1,0,0,True,True,327
Elevator Call,1567.038548,-6,-3,0,0,True,True,414
Elevator Call,1722.23748,-6,-3,0,0,True,True,475
Elevator Call,1847.226237,-6,-2,0,0,True,True,511
Elevator Call,1908.206162,-6,-4,0,1,True,True,537
Elevator Call,1943.813247,-6,-3,0,1,True,True,554
Elevator Call,1981.233347,-6,-1,0,1,True,True,567
Elevator Call,2019.148009,-6,-3,0,1,True,True,585
Elevator Call,2176.554304,-6,-4,0,1,True,True,629
Elevator Call,2407.695313,-6,-2,0,1,True,True,693
Elevator Call,63.05259876,-5,-1,0,1,True,True,12
Elevator Call,363.8472275,-5,-3,0,1,True,True,75
Elevator Call,809.0059079,-5,-3,0,1,True,True,186
Elevator Call,881.7224099,-5,-1,0,1,True,True,205
Elevator Call,1614.981987,-5,-2,0,1,True,True,434
Elevator Call,1865.568705,-5,-3,0,1,True,True,517
Elevator Call,2122.398877,-5,-1,0,1,True,True,618
Elevator Call,3589.244485,-5,-3,0,1,True,True,997
Elevator Call,1592.275142,-4,-2,0,1,True,True,423
Elevator Call,2082.550352,-4,-1,0,1,True,True,608
Elevator Call,2787.008016,-4,-2,0,1,True,True,811
Elevator Call,3253.191219,-4,-3,0,1,True,True,934
Elevator Call,238.4981901,-3,-2,0,1,True,True,48
Elevator Call,758.449075,-3,-2,0,1,True,True,174
Elevator Call,1095.64592,-3,-1,0,1,True,True,252
Elevator Call,1307.09279,-3,-1,0,1,True,True,328
Elevator Call,1783.235146,-3,-1,0,1,True,True,495
Elevator Call,2463.652558,-3,-2,0,1,True,True,710
Elevator Call,1867.450676,-2,-1,0,1,True,True,519
Elevator Call,579.4289603,0,-9,0,1,True,True,129
Elevator Call,675.5144665,0,-1,0,1,True,True,153
Elevator Call,948.3431624,0,-8,0,1,True,True,217
Elevator Call,1212.065537,0,-5,0,1,True,True,294
Elevator Call,1372.726894,0,-8,0,1,True,True,350
Elevator Call,1413.020711,0,-7,0,1,True,True,366
Elevator Call,1505.153199,0,-5,0,1,True,True,394
Elevator Call,1652.543662,0,-2,0,1,True,True,448
Elevator Call,1742.470418,0,-8,0,1,True,True,487
Elevator Call,1816.671009,0,-7,0,1,True,True,505
Elevator Call,1858.279713,0,-2,0,1,True,True,514
Elevator Call,1871.27138,0,-2,0,1,True,True,521
Elevator Call,1882.577484,0,-3,0,1,True,True,524
Elevator Call,1923.710209,0,-3,0,1,True,True,544
Elevator Call,2088.076238,0,-1,0,1,True,True,610
Elevator Call,2409.135784,0,-1,0,1,True,True,694
Elevator Call,2427.443079,0,-3,0,1,True,True,699
Elevator Call,2518.459694,0,-9,0,1,True,True,726
Elevator Call,2634.863545,0,-8,0,1,True,True,757
Elevator Call,2657.725414,0,-3,0,1,True,True,767
Elevator Call,2922.463153,0,-1,0,1,True,True,847
Elevator Call,2932.036794,0,-9,0,1,True,True,850
Elevator Call,3030.525445,0,-1,0,1,True,True,879
Elevator Call,3292.462087,0,-1,0,1,True,True,937
Elevator Call,3443.298161,0,-4,0,1,True,True,963
Elevator Call,3518.142403,0,-4,0,1,True,True,983
Elevator Call,1227.345126,1,-3,0,1,True,True,298
Elevator Call,1377.493688,1,-4,0,1,True,True,352
Elevator Call,1698.778966,1,-3,0,1,True,True,467
Elevator Call,2354.428601,1,-5,0,1,True,True,677
Elevator Call,2639.635729,1,-7,0,1,True,True,760
Elevator Call,2641.293534,1,0,0,1,True,True,761
Elevator Call,3502.752307,1,-9,0,1,True,True,980
Elevator Call,1349.530818,2,-7,0,1,True,True,344
Elevator Call,1693.708372,2,-3,0,1,True,True,466
Elevator Call,2220.754005,2,-2,0,1,True,True,639
Elevator Call,2312.727358,2,0,0,1,True,True,665
Elevator Call,2550.080016,2,-8,0,1,True,True,739
Elevator Call,2643.825518,2,-4,0,1,True,True,763
Elevator Call,2940.478837,2,0,0,1,True,True,852
Elevator Call,3458.884231,2,-2,0,1,True,True,966
Elevator Call,1813.045498,3,-1,0,1,True,True,504
Elevator Call,2706.170803,3,-9,0,1,True,True,783
Elevator Call,3237.557662,3,-4,0,1,True,True,931
Elevator Call,2156.923235,4,-8,0,1,True,True,625
Elevator Call,2501.946976,4,-4,0,1,True,True,722
Elevator Call,2925.342912,4,-5,0,1,True,True,848
Elevator Call,3583.573434,4,-9,0,1,True,True,996
Elevator Call,1680.741731,5,-8,0,1,True,True,462
Elevator Call,2119.444677,5,-3,0,1,True,True,617
Elevator Call,2870.279989,5,-1,0,1,True,True,833
Elevator Call,3556.76523,5,-2,0,1,True,True,992
Elevator Call,1009.285438,6,-3,0,1,True,True,229
Elevator Call,1464.563308,6,0,0,1,True,True,381
Elevator Call,1470.747509,6,14,0,1,True,True,382
Elevator Call,1674.993217,6,-9,0,1,True,True,457
Elevator Call,2223.412421,6,-7,0,1,True,True,640
Elevator Call,2608.56034,6,-5,0,1,True,True,752
Elevator Call,3091.311992,6,-7,0,1,True,True,900
Elevator Call,1285.027459,7,21,0,1,True,True,321
Elevator Call,2983.163119,7,-6,0,1,True,True,863
Elevator Call,3389.598101,7,-9,0,1,True,True,955
Elevator Call,1784.268625,8,-4,0,1,True,True,496
Elevator Call,2397.865864,8,-6,0,1,True,True,689
Elevator Call,2759.779776,8,0,0,1,True,True,799
Elevator Call,310.4366008,9,-5,0,1,True,True,66
Elevator Call,1107.803681,9,-4,0,1,True,True,257
Elevator Call,2047.631087,9,-3,0,1,True,True,596
Elevator Call,2415.078751,9,-1,0,1,True,True,696
Elevator Call,2960.461192,9,-9,0,1,True,True,857
Elevator Call,3500.87531,9,-6,0,1,True,True,979
Elevator Call,1097.84401,10,-6,0,1,True,True,253
Elevator Call,2861.613116,10,-3,0,1,True,True,829
Elevator Call,591.6646715,11,-9,0,1,True,True,138
Elevator Call,1570.351576,11,-6,0,1,True,True,417
Elevator Call,1888.38893,11,-2,0,1,True,True,526
Elevator Call,2497.236454,11,0,0,1,True,True,718
Elevator Call,2498.91739,11,-8,0,1,True,True,720
Elevator Call,2876.734795,11,0,0,1,True,True,835
Elevator Call,3342.801671,11,-6,0,1,True,True,947
Elevator Call,3047.532583,12,-8,0,4,True,True,885
Elevator Call,3107.968275,13,-2,0,4,True,True,905
Elevator Call,3509.931153,13,-5,0,4,True,True,982
Elevator Call,1513.281582,14,-5,0,4,True,True,399
Elevator Call,1897.852121,14,-8,0,4,True,True,533
Elevator Call,2146.802766,14,-8,0,4,True,True,623
Elevator Call,3168.90544,14,-5,0,4,True,True,916
Elevator Call,1458.720727,15,-4,0,4,True,True,379
Elevator Call,1606.411933,15,0,0,4,True,True,429
Elevator Call,3035.238244,15,-9,0,4,True,True,882
Elevator Call,1107.520886,16,-9,0,4,True,True,256
Elevator Call,1963.590247,16,-6,0,4,True,True,563
Elevator Call,2058.487864,16,-9,0,4,True,True,599
Elevator Call,2930.192804,16,-8,0,4,True,True,849
Elevator Call,1325.084973,17,-1,0,4,True,True,336
Elevator Call,3358.732301,17,-5,0,4,True,True,950
Elevator Call,1560.697737,18,-2,0,4,True,True,412
Elevator Call,2159.671983,18,-5,0,4,True,True,627
Elevator Call,2503.111978,18,-1,0,4,True,True,723
Elevator Call,2579.178227,18,-5,0,4,True,True,745
Elevator Call,2601.72079,18,-7,0,4,True,True,750
Elevator Call,3404.667236,18,0,0,4,True,True,958
Elevator Call,1738.368638,19,0,0,4,True,True,482
Elevator Call,2325.075166,19,-7,0,4,True,True,669
Elevator Call,1499.110151,20,-5,0,4,True,True,392
Elevator Call,2208.811271,20,-9,0,4,True,True,634
Elevator Call,2940.164677,20,-5,0,4,True,True,851
Elevator Call,3468.046458,20,-7,0,4,True,True,968
Elevator Call,705.5274933,21,-1,0,4,True,True,164
Elevator Call,1639.789215,21,-8,0,4,True,True,443
Elevator Call,2267.190352,21,-2,0,4,True,True,650
Elevator Call,2778.715831,21,-9,0,4,True,True,805
Elevator Call,2941.339945,21,-3,0,4,True,True,853
Elevator Call,3193.170353,21,-2,0,4,True,True,922
Elevator Call,3209.467941,21,-7,0,4,True,True,926
Elevator Call,1489.591375,22,-1,0,4,True,True,387
Elevator Call,2269.073936,22,-9,0,4,True,True,652
Elevator Call,1563.962177,23,-7,0,4,True,True,413
Elevator Call,1928.676183,23,0,0,4,True,True,546
Elevator Call,2011.196694,23,0,0,4,True,True,582
Elevator Call,2143.873273,23,-7,0,4,True,True,622
Elevator Call,2421.860188,23,-2,0,4,True,True,698
Elevator Call,2490.917888,23,-3,0,4,True,True,715
Elevator Call,3049.367269,23,-4,0,4,True,True,887
Elevator Call,1313.057918,24,-1,0,4,True,True,329
Elevator Call,2074.667511,24,-6,0,4,True,True,606
Elevator Call,2594.276132,24,-6,0,4,True,True,748
Elevator Call,3203.239823,24,10,0,4,True,True,924
Elevator Call,917.9214409,25,-6,0,4,True,True,210
Elevator Call,2882.084239,25,-4,0,4,True,True,838
Elevator Call,2995.135427,25,-2,0,4,True,True,868
Elevator Call,1352.465742,26,-3,0,4,True,True,346
Elevator Call,2107.447303,26,-3,0,4,True,True,615
Elevator Call,2728.310452,26,-6,0,4,True,True,788
Elevator Call,209.3508155,27,-4,0,4,True,True,38
Elevator Call,1951.576247,27,-3,0,4,True,True,559
Elevator Call,2780.938484,27,-6,0,4,True,True,806
Elevator Call,305.1612057,-9,7,0,4,True,True,62
Elevator Call,467.1243026,-9,27,0,4,True,True,100
Elevator Call,620.9525098,-9,0,0,4,True,True,142
Elevator Call,627.5033707,-9,24,0,4,True,True,147
Elevator Call,1413.75081,-9,17,0,4,True,True,367
Elevator Call,1472.926397,-9,20,0,4,True,True,384
Elevator Call,1801.989954,-9,3,0,4,True,True,502
Elevator Call,1935.240033,-9,4,0,4,True,True,550
Elevator Call,2074.12584,-9,23,0,4,True,True,604
Elevator Call,2101.269852,-9,10,0,4,True,True,614
Elevator Call,2647.403126,-9,11,0,4,True,True,764
Elevator Call,142.0780896,-8,13,0,4,True,True,24
Elevator Call,260.3834918,-8,22,0,4,True,True,54
Elevator Call,310.2471598,-8,16,0,4,True,True,65
Elevator Call,338.345511,-8,14,0,4,True,True,72
Elevator Call,471.1846232,-8,10,0,4,True,True,101
Elevator Call,680.2298063,-8,18,0,4,True,True,156
Elevator Call,818.5716721,-8,3,0,4,True,True,187
Elevator Call,863.6615832,-8,-9,0,4,True,True,200
Elevator Call,891.7829187,-8,2,0,4,True,True,206
Elevator Call,1241.659259,-8,-9,0,4,True,True,304
Elevator Call,1332.174272,-8,19,0,4,True,True,338
Elevator Call,1444.605421,-8,0,0,4,True,True,373
Elevator Call,1449.226658,-8,22,0,4,True,True,375
Elevator Call,1559.088275,-8,0,0,4,True,True,408
Elevator Call,1620.671906,-8,-9,0,4,True,True,436
Elevator Call,1626.981395,-8,6,0,4,True,True,439
Elevator Call,1882.339078,-8,21,0,4,True,True,523
Elevator Call,2021.114958,-8,12,0,4,True,True,588
Elevator Call,2082.350297,-8,10,0,4,True,True,607
Elevator Call,2210.749768,-8,23,0,4,True,True,636
Elevator Call,2399.778892,-8,2,0,4,True,True,691
Elevator Call,2536.164449,-8,22,0,4,True,True,730
Elevator Call,381.3197156,-7,14,0,4,True,True,76
Elevator Call,448.552728,-7,0,0,4,True,True,96
Elevator Call,647.6019129,-7,21,0,4,True,True,150
Elevator Call,679.5895248,-7,10,0,4,True,True,154
Elevator Call,762.2945288,-7,7,0,4,True,True,175
Elevator Call,986.5198213,-7,22,0,4,True,True,225
Elevator Call,1086.956474,-7,-8,0,4,True,True,250
Elevator Call,1164.675592,-7,26,0,4,True,True,275
Elevator Call,1268.243941,-7,-8,0,4,True,True,311
Elevator Call,1512.71035,-7,-8,0,4,True,True,398
Elevator Call,1589.391087,-7,0,0,4,True,True,421
Elevator Call,1642.775039,-7,10,0,4,True,True,444
Elevator Call,1688.896319,-7,-8,0,4,True,True,464
Elevator Call,1831.362319,-7,-9,0,4,True,True,506
Elevator Call,1923.003669,-7,-9,0,4,True,True,542
Elevator Call,2604.674883,-7,21,0,3,True,True,751
Elevator Call,3078.757275,-7,-8,0,3,True,True,899
Elevator Call,3164.602342,-7,-8,0,3,True,True,913
Elevator Call,54.19643679,-6,8,0,3,True,True,10
Elevator Call,151.6163013,-6,0,0,3,True,True,27
Elevator Call,188.6936022,-6,-7,0,3,True,True,34
Elevator Call,334.8964003,-6,6,0,3,True,True,71
Elevator Call,473.8240202,-6,-7,0,3,True,True,102
Elevator Call,494.2575702,-6,-9,0,3,True,True,104
Elevator Call,543.7683459,-6,8,0,3,True,True,120
Elevator Call,787.8154399,-6,27,0,3,True,True,181
Elevator Call,871.0751116,-6,8,0,3,True,True,203
Elevator Call,1261.27653,-6,-9,0,3,True,True,308
Elevator Call,1388.080947,-6,-8,0,3,True,True,354
Elevator Call,1416.329017,-6,6,0,3,True,True,368
Elevator Call,1512.643229,-6,-7,0,3,True,True,397
Elevator Call,1616.49582,-6,4,0,3,True,True,435
Elevator Call,1625.292399,-6,-7,0,3,True,True,438
Elevator Call,1699.477626,-6,-7,0,3,True,True,468
Elevator Call,1861.801855,-6,8,0,3,True,True,516
Elevator Call,1866.6531,-6,-7,0,3,True,True,518
Elevator Call,1900.601999,-6,-8,0,3,True,True,534
Elevator Call,2004.233893,-6,-7,0,3,True,True,579
Elevator Call,2227.620379,-6,-7,0,3,True,True,641
Elevator Call,2289.137032,-6,8,0,3,True,True,655
Elevator Call,2791.818999,-6,-7,0,3,True,True,813
Elevator Call,3061.371336,-6,-7,0,3,True,True,893
Elevator Call,3206.583787,-6,-7,0,3,True,True,925
Elevator Call,89.4285159,-5,19,0,3,True,True,14
Elevator Call,224.3119838,-5,-8,0,3,True,True,46
Elevator Call,249.4715393,-5,0,0,3,True,True,50
Elevator Call,255.1145315,-5,15,0,3,True,True,52
Elevator Call,278.807361,-5,26,0,3,True,True,58
Elevator Call,318.6388016,-5,20,0,3,True,True,69
Elevator Call,449.6414067,-5,0,0,3,True,True,97
Elevator Call,510.1509569,-5,21,0,3,True,True,111
Elevator Call,554.6943398,-5,27,0,3,True,True,121
Elevator Call,579.4300589,-5,-8,0,3,True,True,130
Elevator Call,727.6758894,-5,0,0,3,True,True,168
Elevator Call,991.4242739,-5,21,0,3,True,True,226
Elevator Call,1021.316767,-5,26,0,3,True,True,232
Elevator Call,1086.039503,-5,-9,0,3,True,True,249
Elevator Call,1185.661559,-5,9,0,3,True,True,285
Elevator Call,1933.199724,-5,0,0,3,True,True,549
Elevator Call,2032.228737,-5,11,0,3,True,True,592
Elevator Call,2393.426316,-5,-9,0,3,True,True,685
Elevator Call,2433.478494,-5,4,0,3,True,True,703
Elevator Call,2437.305054,-5,10,0,3,True,True,706
Elevator Call,2776.395665,-5,0,0,3,True,True,803
Elevator Call,3007.824757,-5,-8,0,3,True,True,870
Elevator Call,3019.477665,-5,-6,0,3,True,True,874
Elevator Call,3196.536779,-5,-8,0,3,True,True,923
Elevator Call,3215.353695,-5,-7,0,3,True,True,928
Elevator Call,39.19202924,-4,6,0,3,True,True,7
Elevator Call,559.8911164,-4,20,0,3,True,True,124
Elevator Call,696.4893354,-4,23,0,3,True,True,161
Elevator Call,971.040647,-4,-5,0,3,True,True,221
Elevator Call,1054.920057,-4,6,0,3,True,True,240
Elevator Call,1131.379218,-4,-6,0,3,True,True,263
Elevator Call,1140.767211,-4,1,0,3,True,True,266
Elevator Call,1170.902997,-4,24,0,3,True,True,276
Elevator Call,1258.395594,-4,12,0,3,True,True,307
Elevator Call,1274.608732,-4,-6,0,3,True,True,315
Elevator Call,1278.260219,-4,8,0,3,True,True,319
Elevator Call,1321.022114,-4,-5,0,3,True,True,334
Elevator Call,1400.332505,-4,-7,0,3,True,True,360
Elevator Call,1405.11777,-4,-6,0,3,True,True,363
Elevator Call,1608.28375,-4,26,0,3,True,True,431
Elevator Call,1662.372724,-4,7,0,3,True,True,453
Elevator Call,1701.711736,-4,14,0,3,True,True,470
Elevator Call,1875.340473,-4,14,0,3,True,True,522
Elevator Call,2024.441511,-4,0,0,3,True,True,590
Elevator Call,2237.80624,-4,-9,0,3,True,True,645
Elevator Call,2318.237604,-4,-7,0,3,True,True,667
Elevator Call,2326.7275,-4,-7,0,3,True,True,670
Elevator Call,2394.736767,-4,-5,0,3,True,True,688
Elevator Call,2511.639347,-4,-7,0,3,True,True,725
Elevator Call,2546.955571,-4,-9,0,3,True,True,735
Elevator Call,3054.916027,-4,-9,0,3,True,True,890
Elevator Call,3529.273455,-4,-7,0,3,True,True,987
Elevator Call,3537.825789,-4,0,0,3,True,True,989
Elevator Call,57.4053197,-3,7,0,3,True,True,11
Elevator Call,111.6270815,-3,-8,0,3,True,True,18
Elevator Call,209.9785016,-3,4,0,3,True,True,39
Elevator Call,257.2984921,-3,-9,0,3,True,True,53
Elevator Call,270.3465009,-3,-4,0,3,True,True,56
Elevator Call,420.9026743,-3,12,0,3,True,True,87
Elevator Call,438.3698754,-3,-4,0,3,True,True,90
Elevator Call,445.2255437,-3,17,0,3,True,True,93
Elevator Call,902.6902755,-3,5,0,3,True,True,207
Elevator Call,921.3280125,-3,22,0,3,True,True,212
Elevator Call,1046.27946,-3,-8,0,3,True,True,236
Elevator Call,1129.148014,-3,0,0,3,True,True,262
Elevator Call,1245.640202,-3,-8,0,3,True,True,305
Elevator Call,1277.891301,-3,-8,0,3,True,True,318
Elevator Call,1472.903915,-3,0,0,3,True,True,383
Elevator Call,1516.90458,-3,17,0,3,True,True,401
Elevator Call,1543.828203,-3,-7,0,3,True,True,406
Elevator Call,1673.026238,-3,-7,0,3,True,True,456
Elevator Call,1680.297341,-3,23,0,3,True,True,460
Elevator Call,2025.060273,-3,0,0,3,True,True,591
Elevator Call,2098.05535,-3,19,0,3,True,True,613
Elevator Call,2209.267203,-3,-8,0,3,True,True,635
Elevator Call,2229.338715,-3,-7,0,3,True,True,642
Elevator Call,2388.32368,-3,-7,0,3,True,True,684
Elevator Call,2610.4888,-3,-8,0,3,True,True,753
Elevator Call,2777.893369,-3,-7,0,3,True,True,804
Elevator Call,3074.042025,-3,-8,0,3,True,True,897
Elevator Call,3332.725419,-3,-6,0,3,True,True,943
Elevator Call,49.43307426,-2,-4,0,3,True,True,9
Elevator Call,177.914669,-2,10,0,3,True,True,32
Elevator Call,179.4121157,-2,26,0,3,True,True,33
Elevator Call,202.6306173,-2,0,0,3,True,True,36
Elevator Call,310.6589569,-2,-5,0,3,True,True,67
Elevator Call,394.2587745,-2,-6,0,3,True,True,78
Elevator Call,530.7421166,-2,-6,0,3,True,True,117
Elevator Call,573.8367445,-2,-9,0,3,True,True,127
Elevator Call,582.4748234,-2,16,0,3,True,True,131
Elevator Call,623.5552751,-2,-3,0,3,True,True,144
Elevator Call,733.050528,-2,19,0,3,True,True,170
Elevator Call,909.6448107,-2,27,0,3,True,True,209
Elevator Call,977.7982492,-2,-7,0,3,True,True,223
Elevator Call,1010.536089,-2,0,0,3,True,True,230
Elevator Call,1119.289652,-2,3,0,3,True,True,260
Elevator Call,1180.056382,-2,6,0,3,True,True,280
Elevator Call,1208.381366,-2,-8,0,3,True,True,293
Elevator Call,1229.879203,-2,25,0,3,True,True,301
Elevator Call,1230.646349,-2,-8,0,3,True,True,302
Elevator Call,1261.956664,-2,-8,0,3,True,True,309
Elevator Call,1279.151021,-2,15,0,3,True,True,320
Elevator Call,1285.930994,-2,-9,0,3,True,True,322
Elevator Call,1490.140187,-2,25,0,3,True,True,388
Elevator Call,1517.441031,-2,7,0,3,True,True,402
Elevator Call,1605.97942,-2,-3,0,3,True,True,428
Elevator Call,2067.500397,-2,-5,0,3,True,True,603
Elevator Call,2340.317713,-2,-9,0,3,True,True,673
Elevator Call,2898.976397,-2,-9,0,3,True,True,843
Elevator Call,3309.062436,-2,0,0,3,True,True,940
Elevator Call,19.38707866,-1,5,0,3,True,True,2
Elevator Call,20.32751752,-1,-5,0,3,True,True,3
Elevator Call,249.1457817,-1,20,0,3,True,True,49
Elevator Call,1161.12852,-1,-2,0,3,True,True,273
Elevator Call,1180.977471,-1,-2,0,3,True,True,281
Elevator Call,1347.212163,-1,13,0,3,True,True,343
Elevator Call,1392.39172,-1,-2,0,3,True,True,356
Elevator Call,1449.598333,-1,-3,0,3,True,True,376
Elevator Call,1703.465566,-1,0,0,3,True,True,471
Elevator Call,1732.123299,-1,-7,0,3,True,True,479
Elevator Call,1771.692448,-1,-3,0,3,True,True,491
Elevator Call,1780.390234,-1,-4,0,3,True,True,493
Elevator Call,1801.704885,-1,13,0,3,True,True,501
Elevator Call,1832.629196,-1,-6,0,3,True,True,507
Elevator Call,1932.890325,-1,11,0,3,True,True,548
Elevator Call,2330.543285,-1,-7,0,3,True,True,671
Elevator Call,2499.399556,-1,-7,0,3,True,True,721
Elevator Call,2548.361291,-1,-2,0,3,True,True,737
Elevator Call,2812.905131,-1,-9,0,3,True,True,818
Elevator Call,2873.176479,-1,-6,0,3,True,True,834
Elevator Call,3323.659464,-1,0,0,3,True,True,941
Elevator Call,3432.015018,-1,-2,0,3,True,True,962
Elevator Call,159.1776651,0,7,0,3,True,True,28
Elevator Call,396.1162808,0,26,0,3,True,True,81
Elevator Call,507.8962435,0,14,0,3,True,True,108
Elevator Call,556.8993874,0,19,0,3,True,True,122
Elevator Call,1176.099412,0,13,0,3,True,True,278
Elevator Call,1400.141336,0,16,0,3,True,True,359
Elevator Call,1407.498109,0,6,0,3,True,True,364
Elevator Call,1778.021055,0,2,0,3,True,True,492
Elevator Call,2020.494388,0,13,0,3,True,True,586
Elevator Call,2179.555451,0,10,0,3,True,True,630
Elevator Call,2304.326854,0,26,0,3,True,True,663
Elevator Call,2825.241615,0,7,0,3,True,True,821
Elevator Call,1646.806422,2,3,0,3,True,True,446
Elevator Call,1659.267827,10,27,0,3,True,True,451
Elevator Call,1339.363791,11,9,0,3,True,True,341
Elevator Call,3326.434327,45,34,0,3,True,True,942
Elevator Call,3473.987674,53,51,0,3,True,True,970
Elevator Call,2983.656296,56,47,0,3,True,True,864
Elevator Call,3285.000234,58,40,0,3,True,True,936
Elevator Call,1218.880527,59,37,0,3,True,True,295
Elevator Call,1678.320417,59,34,0,3,True,True,459
Elevator Call,1478.065751,63,29,0,3,True,True,385
Elevator Call,524.106974,30,57,0,3,True,True,114
Elevator Call,2762.974905,35,40,0,3,True,True,801
Elevator Call,442.4802432,38,58,0,3,True,True,92
Elevator Call,1199.290298,55,58,0,3,True,True,289
Elevator Call,1353.73231,73,66,0,3,True,True,347
Elevator Call,3596.190305,85,69,0,3,True,True,999
Elevator Call,1080.582291,92,78,0,3,True,True,247
Elevator Call,1374.774624,93,100,0,3,True,True,351
Elevator Call,1671.596393,96,65,0,3,True,True,455
Elevator Call,3509.477687,98,88,0,3,True,True,981
Elevator Call,1712.627007,70,89,0,3,True,True,473
Elevator Call,1403.016917,71,72,0,3,True,True,362
Elevator Call,2020.90337,74,89,0,3,True,True,587
Elevator Call,2251.593892,87,93,0,3,True,True,647
Elevator Call,4.993816266,-6,78,0,3,True,True,0
Elevator Call,27.99997326,-1,55,0,3,True,True,4
Elevator Call,29.91723962,-2,64,0,3,True,True,5
Elevator Call,38.28582116,-4,68,0,3,True,True,6
Elevator Call,39.6971041,0,95,0,3,True,True,8
Elevator Call,79.37736412,-3,85,0,3,True,True,13
Elevator Call,92.15048695,-9,40,0,3,True,True,15
Elevator Call,96.61997032,-6,39,0,3,True,True,16
Elevator Call,108.6420489,-2,44,0,3,True,True,17
Elevator Call,116.7206903,-2,67,0,3,True,True,19
Elevator Call,117.9341393,-2,70,0,3,True,True,20
Elevator Call,133.3453959,-9,47,0,3,True,True,21
Elevator Call,134.003558,-6,98,0,3,True,True,22
Elevator Call,140.5209525,-6,54,0,3,True,True,23
Elevator Call,146.7629329,0,73,0,3,True,True,25
Elevator Call,147.4439262,-7,67,0,3,True,True,26
Elevator Call,170.1571219,-6,51,0,3,True,True,29
Elevator Call,173.2539258,62,87,0,3,True,True,30
Elevator Call,174.9139487,-4,48,0,3,True,True,31
Elevator Call,197.442433,-7,75,0,3,True,True,35
Elevator Call,203.2352417,-8,38,0,3,True,True,37
Elevator Call,210.9063053,94,-2,0,3,True,True,40
Elevator Call,211.3293187,-2,37,0,3,True,True,41
Elevator Call,217.2229099,-9,49,0,3,True,True,42
Elevator Call,218.0743446,52,87,0,3,True,True,43
Elevator Call,219.8159878,-9,36,0,3,True,True,44
Elevator Call,220.7687355,93,-4,0,3,True,True,45
Elevator Call,231.5665188,10,62,0,3,True,True,47
Elevator Call,254.5034433,-3,43,0,3,True,True,51
Elevator Call,266.894697,81,-5,0,3,True,True,55
Elevator Call,272.4308394,-9,91,0,3,True,True,57
Elevator Call,285.4590042,-4,82,0,3,True,True,59
Elevator Call,299.0623869,-9,34,0,3,True,True,60
Elevator Call,303.5884504,-4,49,0,3,True,True,61
Elevator Call,307.1772882,-4,52,0,3,True,True,63
Elevator Call,310.1052389,38,-3,0,3,True,True,64
Elevator Call,346.0955137,-8,39,0,3,True,True,73
Elevator Call,361.6454981,-7,63,0,3,True,True,74
Elevator Call,388.5150303,-4,58,0,3,True,True,77
Elevator Call,396.0105324,-7,95,0,3,True,True,80
Elevator Call,397.8285609,46,75,0,3,True,True,82
Elevator Call,398.5204057,-4,28,0,3,True,True,83
Elevator Call,399.9490901,-1,36,0,3,True,True,84
Elevator Call,400.2358983,-5,77,0,3,True,True,85
Elevator Call,403.0808709,-6,60,0,3,True,True,86
Elevator Call,424.9773031,71,0,0,3,True,True,88
Elevator Call,431.6381373,-6,87,0,3,True,True,89
Elevator Call,447.8210019,82,10,0,3,True,True,94
Elevator Call,448.3721943,-9,31,0,3,True,True,95
Elevator Call,458.5749347,0,75,0,3,True,True,98
Elevator Call,464.0505259,-8,98,0,3,True,True,99
Elevator Call,486.1883161,32,71,0,3,True,True,103
Elevator Call,505.4291883,-5,41,0,3,True,True,106
Elevator Call,505.5712471,-2,93,0,3,True,True,107
Elevator Call,508.3883649,-5,67,0,3,True,True,109
Elevator Call,512.7410981,-2,86,0,3,True,True,112
Elevator Call,513.368894,-5,57,0,3,True,True,113
Elevator Call,530.1742255,-1,68,0,3,True,True,115
Elevator Call,530.5850251,-1,62,0,3,True,True,116
Elevator Call,531.7404459,-9,40,0,3,True,True,118
Elevator Call,537.0715275,15,90,0,3,True,True,119
Elevator Call,557.5557042,0,38,0,3,True,True,123
Elevator Call,562.5015579,-1,34,0,3,True,True,125
Elevator Call,570.7233224,-1,64,0,3,True,True,126
Elevator Call,574.4289444,-1,53,0,3,True,True,128
Elevator Call,584.3936095,-1,48,0,3,True,True,132
Elevator Call,587.5065401,0,59,0,3,True,True,133
Elevator Call,589.3301865,-4,46,0,3,True,True,134
Elevator Call,590.6208994,-6,100,0,3,True,True,135
Elevator Call,591.097541,69,-6,0,3,True,True,136
Elevator Call,591.5126538,-6,47,0,3,True,True,137
Elevator Call,593.1685914,-8,59,0,3,True,True,139
Elevator Call,615.2556148,46,-3,0,3,True,True,140
Elevator Call,620.2579901,0,85,0,3,True,True,141
Elevator Call,623.6992666,-1,40,0,3,True,True,145
Elevator Call,626.5389501,-3,42,0,3,True,True,146
Elevator Call,635.7897844,11,83,0,3,True,True,148
Elevator Call,645.5114708,-1,44,0,3,True,True,149
Elevator Call,648.3122719,0,99,0,3,True,True,151
Elevator Call,680.0181347,0,56,0,3,True,True,155
Elevator Call,688.1143087,40,15,0,3,True,True,157
Elevator Call,689.1432792,-7,60,0,3,True,True,158
Elevator Call,695.0796471,89,-4,0,3,True,True,159
Elevator Call,695.4237523,98,-7,0,3,True,True,160
Elevator Call,703.8816827,-1,58,0,3,True,True,162
Elevator Call,705.1407578,0,82,0,3,True,True,163
Elevator Call,708.9815521,-2,30,0,3,True,True,165
Elevator Call,717.1956643,93,-4,0,3,True,True,166
Elevator Call,717.7965299,-9,61,0,3,True,True,167
Elevator Call,728.4993237,-4,57,0,3,True,True,169
Elevator Call,741.8722441,-4,67,0,3,True,True,171
Elevator Call,744.975962,38,2,0,3,True,True,172
Elevator Call,765.1796994,-7,28,0,3,True,True,176
Elevator Call,768.9310982,53,88,0,3,True,True,177
Elevator Call,775.7804832,-6,81,0,3,True,True,178
Elevator Call,777.0797168,53,81,0,3,True,True,179
Elevator Call,781.7375131,-2,42,0,3,True,True,180
Elevator Call,789.2940004,-1,74,0,3,True,True,182
Elevator Call,790.8499981,-7,52,0,3,True,True,183
Elevator Call,799.8678033,-6,99,0,3,True,True,185
Elevator Call,819.097396,30,89,0,3,True,True,188
Elevator Call,822.1388046,-5,55,0,3,True,True,189
Elevator Call,827.0483923,91,-4,0,3,True,True,190
Elevator Call,833.2953788,41,0,0,3,True,True,191
Elevator Call,833.6807039,-1,98,0,3,True,True,192
Elevator Call,836.3100864,0,97,0,3,True,True,193
Elevator Call,840.9085198,10,50,0,3,True,True,194
Elevator Call,851.8260477,-8,97,0,3,True,True,196
Elevator Call,854.1199583,-7,74,0,3,True,True,197
Elevator Call,858.5727487,55,-1,0,3,True,True,198
Elevator Call,859.4091706,-9,28,0,3,True,True,199
Elevator Call,865.092483,-4,40,0,3,True,True,201
Elevator Call,869.6484008,3,42,0,3,True,True,202
Elevator Call,871.1514322,97,-3,0,3,True,True,204
Elevator Call,905.712501,-1,48,0,3,True,True,208
Elevator Call,933.7495735,-9,48,0,3,True,True,213
Elevator Call,943.2097309,97,-6,0,3,True,True,214
Elevator Call,946.5950264,63,-1,0,3,True,True,215
Elevator Call,949.8446878,0,30,0,3,True,True,218
Elevator Call,958.3487961,83,-3,0,2,True,True,219
Elevator Call,959.3376168,-4,83,0,2,True,True,220
Elevator Call,975.3682526,90,-6,0,2,True,True,222
Elevator Call,979.9614793,-3,46,0,2,True,True,224
Elevator Call,998.2390349,80,-3,0,2,True,True,227
Elevator Call,1006.789062,0,95,0,2,True,True,228
Elevator Call,1014.29043,-5,51,0,2,True,True,231
Elevator Call,1026.174766,-7,65,0,2,True,True,233
Elevator Call,1042.43979,-8,29,0,2,True,True,234
Elevator Call,1043.942786,-2,41,0,2,True,True,235
Elevator Call,1049.195541,-6,63,0,2,True,True,237
Elevator Call,1049.611992,-6,72,0,2,True,True,238
Elevator Call,1050.147823,-7,48,0,2,True,True,239
Elevator Call,1058.342538,-6,86,0,2,True,True,241
Elevator Call,1061.349789,-1,51,0,2,True,True,242
Elevator Call,1064.797345,-7,96,0,2,True,True,243
Elevator Call,1065.29132,-1,37,0,2,True,True,244
Elevator Call,1068.160014,-5,43,0,2,True,True,245
Elevator Call,1072.094044,-6,100,0,2,True,True,246
Elevator Call,1084.527939,-5,78,0,2,True,True,248
Elevator Call,1095.264029,-2,63,0,2,True,True,251
Elevator Call,1099.301028,82,16,0,2,True,True,254
Elevator Call,1106.739815,0,91,0,2,True,True,255
Elevator Call,1116.199471,98,-3,0,2,True,True,258
Elevator Call,1117.344193,30,-1,0,2,True,True,259
Elevator Call,1127.897553,-8,87,0,2,True,True,261
Elevator Call,1132.967464,14,78,0,2,True,True,264
Elevator Call,1134.429397,-6,49,0,2,True,True,265
Elevator Call,1146.058598,68,-6,0,2,True,True,267
Elevator Call,1147.245186,-6,48,0,2,True,True,268
Elevator Call,1147.540681,-9,34,0,2,True,True,269
Elevator Call,1152.774369,64,-4,0,2,True,True,270
Elevator Call,1157.405529,-9,87,0,2,True,True,271
Elevator Call,1160.222251,20,64,0,2,True,True,272
Elevator Call,1171.911689,-9,49,0,2,True,True,277
Elevator Call,1179.610122,78,-2,0,2,True,True,279
Elevator Call,1181.14349,-4,79,0,2,True,True,282
Elevator Call,1182.485641,-7,31,0,2,True,True,283
Elevator Call,1185.004929,28,-7,0,2,True,True,284
Elevator Call,1186.765914,-6,99,0,2,True,True,286
Elevator Call,1194.481692,90,55,0,2,True,True,287
Elevator Call,1195.25532,96,-6,0,2,True,True,288
Elevator Call,1201.104045,32,90,0,2,True,True,290
Elevator Call,1204.789569,-3,72,0,2,True,True,291
Elevator Call,1219.161042,17,39,0,2,True,True,296
Elevator Call,1219.923194,0,90,0,2,True,True,297
Elevator Call,1227.851973,47,-6,0,2,True,True,299
Elevator Call,1235.017454,-8,31,0,2,True,True,303
Elevator Call,1254.814895,-9,97,0,2,True,True,306
Elevator Call,1265.235282,-5,42,0,2,True,True,310
Elevator Call,1269.89718,-8,85,0,2,True,True,312
Elevator Call,1271.64121,30,-4,0,2,True,True,313
Elevator Call,1272.17233,0,54,0,2,True,True,314
Elevator Call,1274.978299,-9,33,0,2,True,True,316
Elevator Call,1276.721478,-9,88,0,2,True,True,317
Elevator Call,1287.720212,53,70,0,2,True,True,323
Elevator Call,1296.038637,76,-9,0,2,True,True,324
Elevator Call,1299.288752,76,-6,0,2,True,True,325
Elevator Call,1300.176956,-5,46,0,2,True,True,326
Elevator Call,1313.764679,-8,95,0,2,True,True,330
Elevator Call,1314.654712,61,-3,0,2,True,True,331
Elevator Call,1320.318132,70,-6,0,2,True,True,332
Elevator Call,1322.112831,15,74,0,2,True,True,335
Elevator Call,1326.544666,-9,28,0,2,True,True,337
Elevator Call,1333.328774,30,-3,0,2,True,True,339
Elevator Call,1339.148941,89,-8,0,2,True,True,340
Elevator Call,1344.988283,-9,41,0,2,True,True,342
Elevator Call,1352.407526,0,62,0,2,True,True,345
Elevator Call,1354.57397,-5,41,0,2,True,True,348
Elevator Call,1366.393775,81,46,0,2,True,True,349
Elevator Call,1386.291241,-6,48,0,2,True,True,353
Elevator Call,1388.870423,63,-4,0,2,True,True,355
Elevator Call,1396.825617,-1,92,0,2,True,True,357
Elevator Call,1400.056881,-9,84,0,2,True,True,358
Elevator Call,1402.123737,55,-9,0,2,True,True,361
Elevator Call,1412.288674,80,52,0,2,True,True,365
Elevator Call,1418.84904,65,59,0,2,True,True,369
Elevator Call,1419.368465,-8,75,0,2,True,True,370
Elevator Call,1420.934776,92,-9,0,2,True,True,371
Elevator Call,1425.935354,-6,35,0,2,True,True,372
Elevator Call,1445.03709,0,89,0,2,True,True,374
Elevator Call,1456.036356,-4,37,0,2,True,True,377
Elevator Call,1457.25066,-5,58,0,2,True,True,378
Elevator Call,1460.217435,53,-7,0,2,True,True,380
Elevator Call,1491.987672,96,55,0,2,True,True,390
Elevator Call,1492.211732,80,-5,0,2,True,True,391
Elevator Call,1501.05948,-2,88,0,2,True,True,393
Elevator Call,1509.614471,29,0,0,2,True,True,395
Elevator Call,1511.149938,-9,29,0,2,True,True,396
Elevator Call,1515.276254,-9,57,0,2,True,True,400
Elevator Call,1525.347465,-9,67,0,2,True,True,403
Elevator Call,1528.783365,-8,66,0,2,True,True,404
Elevator Call,1533.499355,71,-9,0,2,True,True,405
Elevator Call,1550.473999,44,-9,0,2,True,True,407
Elevator Call,1559.50033,78,-5,0,2,True,True,409
Elevator Call,1559.678365,-4,45,0,2,True,True,410
Elevator Call,1560.31333,-6,94,0,2,True,True,411
Elevator Call,1567.767739,-9,65,0,2,True,True,415
Elevator Call,1570.167292,-9,35,0,2,True,True,416
Elevator Call,1573.033743,-9,58,0,2,True,True,418
Elevator Call,1581.241828,30,-4,0,2,True,True,419
Elevator Call,1586.714939,58,0,0,2,True,True,420
Elevator Call,1589.903824,-9,39,0,2,True,True,422
Elevator Call,1592.313241,0,44,0,2,True,True,424
Elevator Call,1596.345914,-6,71,0,2,True,True,425
Elevator Call,1602.499277,-4,85,0,2,True,True,426
Elevator Call,1602.999151,-4,68,0,2,True,True,427
Elevator Call,1607.572468,53,-9,0,2,True,True,430
Elevator Call,1611.498526,-7,74,0,2,True,True,432
Elevator Call,1613.330044,91,-3,0,2,True,True,433
Elevator Call,1621.852028,-5,67,0,2,True,True,437
Elevator Call,1631.926758,43,-3,0,2,True,True,440
Elevator Call,1632.302184,-3,89,0,2,True,True,441
Elevator Call,1638.087675,59,99,0,2,True,True,442
Elevator Call,1644.574137,52,8,0,2,True,True,445
Elevator Call,1651.811879,-3,100,0,2,True,True,447
Elevator Call,1655.056199,0,33,0,2,True,True,449
Elevator Call,1657.066046,86,34,0,2,True,True,450
Elevator Call,1660.012462,29,25,0,2,True,True,452
Elevator Call,1671.514249,87,-2,0,2,True,True,454
Elevator Call,1676.555648,79,-6,0,2,True,True,458
Elevator Call,1680.638771,-9,34,0,2,True,True,461
Elevator Call,1693.027601,90,-9,0,2,True,True,465
Elevator Call,1701.012443,-4,75,0,2,True,True,469
Elevator Call,1705.765361,-7,33,0,2,True,True,472
Elevator Call,1721.777661,61,93,0,2,True,True,474
Elevator Call,1731.556282,-7,91,0,2,True,True,478
Elevator Call,1732.744419,-2,93,0,2,True,True,480
Elevator Call,1737.612644,69,-5,0,2,True,True,481
Elevator Call,1738.617367,86,-2,0,2,True,True,483
Elevator Call,1739.836016,57,-7,0,2,True,True,484
Elevator Call,1741.972932,68,-3,0,2,True,True,485
Elevator Call,1742.140568,-8,98,0,2,True,True,486
Elevator Call,1751.821931,52,-3,0,2,True,True,488
Elevator Call,1753.294068,35,0,0,2,True,True,489
Elevator Call,1771.003102,91,0,0,2,True,True,490
Elevator Call,1781.414023,29,0,0,2,True,True,494
Elevator Call,1794.385907,54,-9,0,2,True,True,497
Elevator Call,1794.830849,-5,79,0,2,True,True,498
Elevator Call,1796.016539,-5,49,0,2,True,True,499
Elevator Call,1803.43503,-9,40,0,2,True,True,503
Elevator Call,1834.73304,47,-2,0,2,True,True,508
Elevator Call,1836.885196,-7,91,0,2,True,True,509
Elevator Call,1837.88098,36,24,0,2,True,True,510
Elevator Call,1851.217821,63,-9,0,2,True,True,512
Elevator Call,1855.64438,88,-2,0,2,True,True,513
Elevator Call,1859.275589,91,-5,0,2,True,True,515
Elevator Call,1870.506223,35,0,0,2,True,True,520
Elevator Call,1886.393081,-9,34,0,2,True,True,525
Elevator Call,1888.50234,28,0,0,2,True,True,527
Elevator Call,1888.773494,-5,81,0,2,True,True,528
Elevator Call,1890.153546,38,-7,0,2,True,True,529
Elevator Call,1891.391803,64,-6,0,2,True,True,530
Elevator Call,1893.045383,49,-6,0,2,True,True,531
Elevator Call,1895.732191,34,-4,0,2,True,True,532
Elevator Call,1903.095706,-1,88,0,2,True,True,535
Elevator Call,1903.737489,57,-7,0,2,True,True,536
Elevator Call,1909.786473,51,-1,0,2,True,True,538
Elevator Call,1912.261822,-8,45,0,2,True,True,539
Elevator Call,1914.042474,56,0,0,2,True,True,540
Elevator Call,1922.956213,99,-4,0,2,True,True,541
Elevator Call,1923.247262,82,-8,0,2,True,True,543
Elevator Call,1927.077814,83,-4,0,2,True,True,545
Elevator Call,1931.214262,-6,28,0,2,True,True,547
Elevator Call,1935.693567,2,49,0,2,True,True,551
Elevator Call,1936.700714,-7,98,0,2,True,True,552
Elevator Call,1941.075727,34,-3,0,2,True,True,553
Elevator Call,1947.913471,69,-8,0,2,True,True,555
Elevator Call,1949.784947,72,0,0,2,True,True,556
Elevator Call,1950.1322,-7,71,0,2,True,True,557
Elevator Call,1950.492707,56,-4,0,2,True,True,558
Elevator Call,1953.945775,46,-5,0,2,True,True,560
Elevator Call,1958.494071,0,39,0,2,True,True,562
Elevator Call,1969.983244,70,-6,0,2,True,True,564
Elevator Call,1976.787002,32,-4,0,2,True,True,565
Elevator Call,1980.215421,-5,69,0,2,True,True,566
Elevator Call,1986.937876,0,86,0,2,True,True,568
Elevator Call,1988.537767,96,-3,0,2,True,True,570
Elevator Call,1988.877107,34,-7,0,2,True,True,571
Elevator Call,1989.391235,56,-5,0,2,True,True,572
Elevator Call,1991.713841,-3,51,0,2,True,True,573
Elevator Call,1992.831118,54,10,0,2,True,True,574
Elevator Call,1995.508614,94,-4,0,2,True,True,575
Elevator Call,1999.785461,92,0,0,2,True,True,576
Elevator Call,1999.981402,-4,83,0,2,True,True,577
Elevator Call,2001.66232,-6,67,0,2,True,True,578
Elevator Call,2004.848611,78,-5,0,2,True,True,580
Elevator Call,2006.79908,60,-5,0,2,True,True,581
Elevator Call,2017.559123,55,-8,0,2,True,True,583
Elevator Call,2018.990212,52,-6,0,2,True,True,584
Elevator Call,2022.312162,38,-9,0,2,True,True,589
Elevator Call,2034.220122,-2,28,0,2,True,True,593
Elevator Call,2043.218947,62,-4,0,2,True,True,594
Elevator Call,2044.08132,-8,34,0,2,True,True,595
Elevator Call,2049.94872,0,99,0,2,True,True,597
Elevator Call,2056.375684,51,-5,0,2,True,True,598
Elevator Call,2059.661692,45,-3,0,2,True,True,600
Elevator Call,2062.977255,51,-6,0,2,True,True,601
Elevator Call,2066.616608,32,-6,0,2,True,True,602
Elevator Call,2074.500029,81,-2,0,2,True,True,605
Elevator Call,2087.091861,35,-1,0,2,True,True,609
Elevator Call,2091.618008,-3,49,0,2,True,True,611
Elevator Call,2097.679512,47,-6,0,2,True,True,612
Elevator Call,2112.890186,19,67,0,2,True,True,616
Elevator Call,2129.204756,8,68,0,2,True,True,619
Elevator Call,2131.612662,-8,61,0,2,True,True,620
Elevator Call,2134.595856,65,28,0,2,True,True,621
Elevator Call,2156.60165,-4,48,0,2,True,True,624
Elevator Call,2158.788625,-3,89,0,2,True,True,626
Elevator Call,2169.092846,-2,29,0,2,True,True,628
Elevator Call,2196.756895,65,-4,0,2,True,True,631
Elevator Call,2201.175939,-7,63,0,2,True,True,632
Elevator Call,2206.353414,58,-4,0,2,True,True,633
Elevator Call,2216.685627,94,-2,0,2,True,True,637
Elevator Call,2219.23229,86,-1,0,2,True,True,638
Elevator Call,2231.994337,-8,99,0,2,True,True,643
Elevator Call,2236.217632,80,-8,0,2,True,True,644
Elevator Call,2240.644976,85,0,0,2,True,True,646
Elevator Call,2261.813006,81,-6,0,2,True,True,648
Elevator Call,2265.817007,78,-3,0,2,True,True,649
Elevator Call,2268.310348,56,-9,0,2,True,True,651
Elevator Call,2276.521427,64,-6,0,2,True,True,653
Elevator Call,2277.043986,97,-4,0,2,True,True,654
Elevator Call,2292.520493,-8,54,0,2,True,True,656
Elevator Call,2296.090658,69,-9,0,2,True,True,657
Elevator Call,2296.412085,-2,73,0,2,True,True,658
Elevator Call,2297.493945,73,-8,0,2,True,True,659
Elevator Call,2297.867956,-1,30,0,2,True,True,660
Elevator Call,2300.692762,0,96,0,2,True,True,661
Elevator Call,2300.856361,82,-1,0,2,True,True,662
Elevator Call,2312.520976,84,24,0,2,True,True,664
Elevator Call,2317.148358,40,-7,0,2,True,True,666
Elevator Call,2320.286064,52,0,0,2,True,True,668
Elevator Call,2332.190683,42,-9,0,2,True,True,672
Elevator Call,2342.026232,81,-9,0,2,True,True,675
Elevator Call,2344.805768,38,-6,0,2,True,True,676
Elevator Call,2363.072033,-9,66,0,2,True,True,678
Elevator Call,2368.708412,97,34,0,2,True,True,679
Elevator Call,2376.128564,64,-4,0,2,True,True,680
Elevator Call,2380.064034,58,22,0,2,True,True,681
Elevator Call,2386.125102,-1,61,0,2,True,True,682
Elevator Call,2387.777657,0,66,0,2,True,True,683
Elevator Call,2393.760326,-1,65,0,2,True,True,686
Elevator Call,2393.766844,94,-5,0,2,True,True,687
Elevator Call,2398.917669,79,-3,0,2,True,True,690
Elevator Call,2417.806233,81,-8,0,2,True,True,697
Elevator Call,2430.79447,64,-3,0,2,True,True,700
Elevator Call,2432.912149,61,16,0,2,True,True,701
Elevator Call,2433.272527,64,-6,0,2,True,True,702
Elevator Call,2433.972221,0,31,0,2,True,True,704
Elevator Call,2435.636974,79,-6,0,2,True,True,705
Elevator Call,2444.950234,-4,45,0,2,True,True,707
Elevator Call,2457.877772,35,-3,0,2,True,True,708
Elevator Call,2458.002614,70,-4,0,2,True,True,709
Elevator Call,2473.56195,-3,60,0,2,True,True,711
Elevator Call,2476.011393,79,-4,0,2,True,True,712
Elevator Call,2478.035921,7,43,0,2,True,True,713
Elevator Call,2497.979024,99,-5,0,2,True,True,719
Elevator Call,2504.434259,37,-5,0,2,True,True,724
Elevator Call,2520.90499,-2,45,0,2,True,True,727
Elevator Call,2522.000331,69,-1,0,2,True,True,728
Elevator Call,2530.125233,59,-4,0,2,True,True,729
Elevator Call,2538.400763,-9,96,0,2,True,True,731
Elevator Call,2540.714301,66,-8,0,2,True,True,732
Elevator Call,2541.256971,80,-7,0,2,True,True,733
Elevator Call,2546.259941,63,15,0,2,True,True,734
Elevator Call,2547.950338,-3,86,0,2,True,True,736
Elevator Call,2549.673809,0,65,0,2,True,True,738
Elevator Call,2560.494081,95,-8,0,2,True,True,740
Elevator Call,2564.029528,94,-3,0,2,True,True,741
Elevator Call,2571.73215,94,-2,0,2,True,True,742
Elevator Call,2571.737027,83,-7,0,2,True,True,743
Elevator Call,2580.975494,-4,73,0,2,True,True,747
Elevator Call,2598.898292,-7,60,0,2,True,True,749
Elevator Call,2612.903585,-8,81,0,2,True,True,754
Elevator Call,2618.218674,-2,67,0,2,True,True,755
Elevator Call,2623.479597,63,-6,0,2,True,True,756
Elevator Call,2637.923635,34,0,0,2,True,True,759
Elevator Call,2643.633797,33,-5,0,2,True,True,762
Elevator Call,2656.316032,48,-8,0,2,True,True,766
Elevator Call,2660.520117,97,61,0,2,True,True,768
Elevator Call,2660.993946,-7,74,0,2,True,True,769
Elevator Call,2662.150524,0,90,0,2,True,True,770
Elevator Call,2664.579433,-4,75,0,2,True,True,771
Elevator Call,2668.075055,-7,80,0,2,True,True,772
Elevator Call,2669.26541,-3,79,0,2,True,True,773
Elevator Call,2669.845524,-5,87,0,2,True,True,774
Elevator Call,2672.39374,81,46,0,2,True,True,775
Elevator Call,2676.096466,-4,81,0,2,True,True,776
Elevator Call,2677.328528,31,0,0,2,True,True,777
Elevator Call,2700.114344,78,-9,0,2,True,True,779
Elevator Call,2700.494226,-9,35,0,2,True,True,780
Elevator Call,2701.735611,35,-7,0,2,True,True,781
Elevator Call,2707.504595,64,-8,0,2,True,True,784
Elevator Call,2709.973116,56,-9,0,2,True,True,785
Elevator Call,2723.522121,0,46,0,2,True,True,786
Elevator Call,2724.925598,-4,57,0,2,True,True,787
Elevator Call,2731.305019,-5,38,0,2,True,True,789
Elevator Call,2732.352903,81,-1,0,2,True,True,790
Elevator Call,2733.476771,-3,33,0,2,True,True,791
Elevator Call,2734.472551,69,-6,0,2,True,True,792
Elevator Call,2737.835372,97,-1,0,2,True,True,793
Elevator Call,2743.842583,72,-5,0,2,True,True,794
Elevator Call,2747.09219,93,-6,0,2,True,True,795
Elevator Call,2754.003578,54,0,0,2,True,True,796
Elevator Call,2758.530516,61,0,0,2,True,True,797
Elevator Call,2759.732309,54,0,0,2,True,True,798
Elevator Call,2761.945149,32,-4,0,2,True,True,800
Elevator Call,2763.829378,-7,96,0,2,True,True,802
Elevator Call,2783.485534,52,-8,0,2,True,True,807
Elevator Call,2783.954607,61,0,0,2,True,True,808
Elevator Call,2784.415443,37,-8,0,2,True,True,809
Elevator Call,2785.805961,99,46,0,2,True,True,810
Elevator Call,2789.765039,74,-6,0,2,True,True,812
Elevator Call,2799.061618,-4,35,0,2,True,True,814
Elevator Call,2802.048721,37,-6,0,2,True,True,815
Elevator Call,2809.599732,91,0,0,2,True,True,816
Elevator Call,2809.902598,42,-1,0,2,True,True,817
Elevator Call,2816.487081,-5,39,0,2,True,True,819
Elevator Call,2820.486751,32,-9,0,2,True,True,820
Elevator Call,2825.39056,-8,54,0,2,True,True,822
Elevator Call,2833.116707,-5,42,0,2,True,True,823
Elevator Call,2837.578377,-3,50,0,2,True,True,824
Elevator Call,2841.689749,65,26,0,2,True,True,825
Elevator Call,2846.977159,99,-9,0,2,True,True,826
Elevator Call,2853.836618,-5,77,0,2,True,True,827
Elevator Call,2854.516141,-4,91,0,2,True,True,828
Elevator Call,2865.448204,59,-8,0,2,True,True,831
Elevator Call,2866.575886,91,-9,0,2,True,True,832
Elevator Call,2877.836875,61,-4,0,2,True,True,836
Elevator Call,2879.606913,-1,43,0,2,True,True,837
Elevator Call,2889.39053,83,-9,0,2,True,True,840
Elevator Call,2889.741508,-8,52,0,2,True,True,841
Elevator Call,2889.998338,31,-7,0,2,True,True,842
Elevator Call,2905.530174,48,-9,0,2,True,True,844
Elevator Call,2911.8607,38,-6,0,2,True,True,845
Elevator Call,2913.538578,79,-6,0,2,True,True,846
Elevator Call,2951.40339,-4,93,0,2,True,True,854
Elevator Call,2954.918257,76,-4,0,2,True,True,855
Elevator Call,2960.356547,53,-1,0,2,True,True,856
Elevator Call,2969.113964,39,-2,0,2,True,True,858
Elevator Call,2973.176393,72,-6,0,2,True,True,859
Elevator Call,2981.980305,50,-3,0,2,True,True,860
Elevator Call,2981.992526,95,-6,0,2,True,True,861
Elevator Call,2982.204874,47,-3,0,2,True,True,862
Elevator Call,2989.059336,69,-8,0,2,True,True,866
Elevator Call,2993.11191,73,0,0,2,True,True,867
Elevator Call,2996.487948,-8,39,0,2,True,True,869
Elevator Call,3009.710502,72,-9,0,2,True,True,871
Elevator Call,3011.435999,58,-6,0,2,True,True,872
Elevator Call,3016.032336,78,-6,0,2,True,True,873
Elevator Call,3021.135621,74,-8,0,2,True,True,875
Elevator Call,3023.110571,38,0,0,2,True,True,876
Elevator Call,3025.195252,0,48,0,2,True,True,877
Elevator Call,3026.32165,82,-7,0,2,True,True,878
Elevator Call,3034.985832,54,-3,0,2,True,True,881
Elevator Call,3035.292344,35,-9,0,2,True,True,883
Elevator Call,3036.197291,82,-6,0,2,True,True,884
Elevator Call,3047.7822,82,-8,0,2,True,True,886
Elevator Call,3052.233848,59,0,0,2,True,True,888
Elevator Call,3052.28298,56,-2,0,2,True,True,889
Elevator Call,3059.469196,100,-3,0,2,True,True,891
Elevator Call,3060.792302,56,-6,0,2,True,True,892
Elevator Call,3063.224347,95,-5,0,2,True,True,894
Elevator Call,3068.352714,74,-4,0,2,True,True,895
Elevator Call,3072.445286,-2,47,0,2,True,True,896
Elevator Call,3077.657273,30,-8,0,2,True,True,898
Elevator Call,3091.456586,-3,67,0,2,True,True,901
Elevator Call,3101.527768,35,-1,0,2,True,True,902
Elevator Call,3102.052035,83,-1,0,2,True,True,903
Elevator Call,3103.269631,38,-4,0,2,True,True,904
Elevator Call,3110.160473,38,-1,0,2,True,True,906
Elevator Call,3128.543446,65,0,0,2,True,True,907
Elevator Call,3132.278846,-4,76,0,2,True,True,908
Elevator Call,3133.823406,73,-3,0,2,True,True,909
Elevator Call,3135.63273,50,-3,0,2,True,True,910
Elevator Call,3154.179757,-1,53,0,2,True,True,911
Elevator Call,3161.73812,62,-1,0,2,True,True,912
Elevator Call,3164.760864,63,0,0,2,True,True,914
Elevator Call,3168.071064,29,-3,0,2,True,True,915
Elevator Call,3169.579805,100,-5,0,2,True,True,917
Elevator Call,3181.073099,100,-5,0,2,True,True,919
Elevator Call,3186.328347,84,-3,0,2,True,True,920
Elevator Call,3187.33121,81,-6,0,2,True,True,921
Elevator Call,3210.470139,-4,57,0,2,True,True,927
Elevator Call,3219.534396,74,-1,0,2,True,True,929
Elevator Call,3227.995156,66,-8,0,2,True,True,930
Elevator Call,3246.904411,94,-6,0,2,True,True,932
Elevator Call,3249.535999,32,-4,0,2,True,True,933
Elevator Call,3255.804019,46,-1,0,2,True,True,935
Elevator Call,3294.768278,30,-2,0,2,True,True,938
Elevator Call,3296.689767,85,-4,0,2,True,True,939
Elevator Call,3333.236344,0,93,0,2,True,True,944
Elevator Call,3337.33778,62,-1,0,2,True,True,945
Elevator Call,3338.991892,78,-5,0,2,True,True,946
Elevator Call,3348.058239,61,-5,0,2,True,True,948
Elevator Call,3349.030209,78,-9,0,2,True,True,949
Elevator Call,3377.474973,55,-1,0,2,True,True,952
Elevator Call,3381.448656,99,-2,0,2,True,True,953
Elevator Call,3383.033649,29,-2,0,2,True,True,954
Elevator Call,3390.483991,59,-5,0,2,True,True,956
Elevator Call,3402.79779,89,-9,0,2,True,True,957
Elevator Call,3406.427128,64,-9,0,2,True,True,959
Elevator Call,3418.850556,37,-6,0,2,True,True,960
Elevator Call,3421.142153,49,-2,0,2,True,True,961
Elevator Call,3444.440376,29,-6,0,2,True,True,964
Elevator Call,3462.982532,100,-9,0,2,True,True,967
Elevator Call,3472.570879,70,54,0,2,True,True,969
Elevator Call,3475.97148,55,-3,0,2,True,True,971
Elevator Call,3489.15012,65,-3,0,2,True,True,973
Elevator Call,3492.987925,66,30,0,2,True,True,974
Elevator Call,3495.7964,45,-9,0,2,True,True,975
Elevator Call,3496.352615,46,-3,0,2,True,True,976
Elevator Call,3499.818242,35,21,0,2,True,True,977
Elevator Call,3500.714613,70,-3,0,2,True,True,978
Elevator Call,3520.139019,89,-5,0,2,True,True,985
Elevator Call,3521.639327,86,34,0,2,True,True,986
Elevator Call,3534.064926,56,0,0,2,True,True,988
Elevator Call,3539.773236,58,-7,0,2,True,True,990
Elevator Call,3546.241432,46,0,0,2,True,True,991
Elevator Call,3560.31433,98,-4,0,2,True,True,993
Elevator Call,3561.0016,89,22,0,2,False,True,994
Elevator Call,3561.34219,54,-9,0,2,False,True,995
